_id,index,availableCount,timeoutStartedAt,timedOutAt,queuedPlayerIds,playerIds,gameId,treatmentId,batchId,lobbyConfigId,createdAt
B2YiFzk2vx4S4NH8Y,0,1,,,,,,bSFtXoybLdfbxAvuC,TbTGQDgG3aac3Xs4i,SAxgcmru9QjLxry7Z,2021-03-05T20:26:36Z
T44gPwwxKQqLDvMgj,1,1,,,,,,bSFtXoybLdfbxAvuC,TbTGQDgG3aac3Xs4i,SAxgcmru9QjLxry7Z,2021-03-05T20:26:36Z
iB8FzAXpopmnqhLQy,2,1,,,,,,Sp4ZsQfFWLbNshvoM,TbTGQDgG3aac3Xs4i,SAxgcmru9QjLxry7Z,2021-03-05T20:26:36Z
jipv8B2yXJhC3fD5x,3,1,,,,,,bSFtXoybLdfbxAvuC,TbTGQDgG3aac3Xs4i,SAxgcmru9QjLxry7Z,2021-03-05T20:26:36Z
GYJKe8EEhLgZoLEyT,4,1,,,,,,bSFtXoybLdfbxAvuC,TbTGQDgG3aac3Xs4i,SAxgcmru9QjLxry7Z,2021-03-05T20:26:36Z
EdnuoPMpSsWLtNs5S,5,1,,,,,,Sp4ZsQfFWLbNshvoM,TbTGQDgG3aac3Xs4i,SAxgcmru9QjLxry7Z,2021-03-05T20:26:36Z
8SsDwmpzJMA3e7rfi,6,1,,,,,,bSFtXoybLdfbxAvuC,TbTGQDgG3aac3Xs4i,SAxgcmru9QjLxry7Z,2021-03-05T20:26:36Z
mRDxuheCHhB3KFyug,7,1,,,,,,bSFtXoybLdfbxAvuC,TbTGQDgG3aac3Xs4i,SAxgcmru9QjLxry7Z,2021-03-05T20:26:36Z
PGjr9vManXawdLZYN,8,1,,,,,,bSFtXoybLdfbxAvuC,TbTGQDgG3aac3Xs4i,SAxgcmru9QjLxry7Z,2021-03-05T20:26:36Z
gJsuWnLTBMh5y4eCK,9,1,,,W2CPFYCzN8kmRsiTz,W2CPFYCzN8kmRsiTz,gJsuWnLTBMh5y4eCK,Sp4ZsQfFWLbNshvoM,TbTGQDgG3aac3Xs4i,SAxgcmru9QjLxry7Z,2021-03-05T20:26:36Z
fKFoyeTKZZaB7p2qF,10,1,,,,,,bSFtXoybLdfbxAvuC,TbTGQDgG3aac3Xs4i,SAxgcmru9QjLxry7Z,2021-03-05T20:26:36Z
QL4k3G7HgN5dLGfTP,11,1,,,,,,Sp4ZsQfFWLbNshvoM,TbTGQDgG3aac3Xs4i,SAxgcmru9QjLxry7Z,2021-03-05T20:26:36Z
zheZvh75DduEYRfaT,12,1,,,,,,bSFtXoybLdfbxAvuC,TbTGQDgG3aac3Xs4i,SAxgcmru9QjLxry7Z,2021-03-05T20:26:36Z
3PoTJQwDD97Tkegdd,13,1,,,,,,bSFtXoybLdfbxAvuC,TbTGQDgG3aac3Xs4i,SAxgcmru9QjLxry7Z,2021-03-05T20:26:36Z
e2qhq3vcTzLYRSfr9,14,1,,,,,,bSFtXoybLdfbxAvuC,TbTGQDgG3aac3Xs4i,SAxgcmru9QjLxry7Z,2021-03-05T20:26:36Z
7BcrZ4MgHpBZB7sg2,15,1,,,,,,bSFtXoybLdfbxAvuC,TbTGQDgG3aac3Xs4i,SAxgcmru9QjLxry7Z,2021-03-05T20:26:36Z
JeP44N8kxBvyuxMmo,16,1,,,,,,bSFtXoybLdfbxAvuC,TbTGQDgG3aac3Xs4i,SAxgcmru9QjLxry7Z,2021-03-05T20:26:36Z
8Zyc8dgbngQBbYkKY,17,1,,,,,,Sp4ZsQfFWLbNshvoM,TbTGQDgG3aac3Xs4i,SAxgcmru9QjLxry7Z,2021-03-05T20:26:36Z
L87zjPhZ68AkpDdMb,18,1,,,,,,bSFtXoybLdfbxAvuC,TbTGQDgG3aac3Xs4i,SAxgcmru9QjLxry7Z,2021-03-05T20:26:36Z
RANqyvdomts4j5sMW,19,1,,,,,,bSFtXoybLdfbxAvuC,TbTGQDgG3aac3Xs4i,SAxgcmru9QjLxry7Z,2021-03-05T20:26:36Z
TTAnSKb2hMEbjTQ3W,0,1,,,,,,2GG93MCADu6QAyoxk,H63QhY5RJY4dweyuG,SAxgcmru9QjLxry7Z,2021-03-05T20:28:44Z
emtnEbcxXfMQT4xCt,1,1,,,,,,2GG93MCADu6QAyoxk,H63QhY5RJY4dweyuG,SAxgcmru9QjLxry7Z,2021-03-05T20:28:44Z
5AJQwLnWuEhxFLkdg,2,1,,,,,,ZrZc85MCoy5oMGRsY,H63QhY5RJY4dweyuG,SAxgcmru9QjLxry7Z,2021-03-05T20:28:44Z
zdE4f2zrth7J4yCEw,3,1,,,,,,ZrZc85MCoy5oMGRsY,H63QhY5RJY4dweyuG,SAxgcmru9QjLxry7Z,2021-03-05T20:28:44Z
ZijhvWsGTX8Xizidp,4,1,,,,,,2GG93MCADu6QAyoxk,H63QhY5RJY4dweyuG,SAxgcmru9QjLxry7Z,2021-03-05T20:28:44Z
yjdkbd8bzEvk23Ccp,5,1,,,,,,ZrZc85MCoy5oMGRsY,H63QhY5RJY4dweyuG,SAxgcmru9QjLxry7Z,2021-03-05T20:28:44Z
XHewus3Cw3b5pAbJN,6,1,,,,,,2GG93MCADu6QAyoxk,H63QhY5RJY4dweyuG,SAxgcmru9QjLxry7Z,2021-03-05T20:28:44Z
wjcFirpBcoW8mdDfG,7,1,,,,,,2GG93MCADu6QAyoxk,H63QhY5RJY4dweyuG,SAxgcmru9QjLxry7Z,2021-03-05T20:28:44Z
soF6newWoWoieEZ5s,8,1,,,,,,ZrZc85MCoy5oMGRsY,H63QhY5RJY4dweyuG,SAxgcmru9QjLxry7Z,2021-03-05T20:28:44Z
KDaAsNTfRnMQdYXui,9,1,,,,,,2GG93MCADu6QAyoxk,H63QhY5RJY4dweyuG,SAxgcmru9QjLxry7Z,2021-03-05T20:28:44Z
8kGv9sjNtoKX5TqMj,10,1,,,,,,2GG93MCADu6QAyoxk,H63QhY5RJY4dweyuG,SAxgcmru9QjLxry7Z,2021-03-05T20:28:44Z
KZRGmHoiFF285FRaw,11,1,,,B9FPAorWpaNf98f58,B9FPAorWpaNf98f58,KZRGmHoiFF285FRaw,ZrZc85MCoy5oMGRsY,H63QhY5RJY4dweyuG,SAxgcmru9QjLxry7Z,2021-03-05T20:28:44Z
tCFihhsRa3Not3uoQ,12,1,,,,,,ZrZc85MCoy5oMGRsY,H63QhY5RJY4dweyuG,SAxgcmru9QjLxry7Z,2021-03-05T20:28:44Z
aQwRcpiTD8yanaBaw,13,1,,,,,,ZrZc85MCoy5oMGRsY,H63QhY5RJY4dweyuG,SAxgcmru9QjLxry7Z,2021-03-05T20:28:44Z
JZEJwsMqGAWeHN5Wd,14,1,,,,,,ZrZc85MCoy5oMGRsY,H63QhY5RJY4dweyuG,SAxgcmru9QjLxry7Z,2021-03-05T20:28:44Z
d6TW2u3gT83NyL9Dk,15,1,,,,,,2GG93MCADu6QAyoxk,H63QhY5RJY4dweyuG,SAxgcmru9QjLxry7Z,2021-03-05T20:28:44Z
TXGGWofxcfkzqTeua,16,1,,,,,,2GG93MCADu6QAyoxk,H63QhY5RJY4dweyuG,SAxgcmru9QjLxry7Z,2021-03-05T20:28:44Z
WpzXXbv8HRXnrgDzC,17,1,,,,,,ZrZc85MCoy5oMGRsY,H63QhY5RJY4dweyuG,SAxgcmru9QjLxry7Z,2021-03-05T20:28:44Z
hDcNRZNgm8qKgiFSM,18,1,,,,,,ZrZc85MCoy5oMGRsY,H63QhY5RJY4dweyuG,SAxgcmru9QjLxry7Z,2021-03-05T20:28:44Z
gxer4AF8j4TvRWcPf,19,1,,,,,,ZrZc85MCoy5oMGRsY,H63QhY5RJY4dweyuG,SAxgcmru9QjLxry7Z,2021-03-05T20:28:44Z
RSSGgpZTvQ3b8oRXK,20,1,,,,,,ZrZc85MCoy5oMGRsY,H63QhY5RJY4dweyuG,SAxgcmru9QjLxry7Z,2021-03-05T20:28:44Z
58e3FAyZNRw522qvj,21,1,,,,,,ZrZc85MCoy5oMGRsY,H63QhY5RJY4dweyuG,SAxgcmru9QjLxry7Z,2021-03-05T20:28:44Z
S52qSnZiJ3v37FDQY,22,1,,,,,,2GG93MCADu6QAyoxk,H63QhY5RJY4dweyuG,SAxgcmru9QjLxry7Z,2021-03-05T20:28:44Z
aTcfnGRJF3GWPq8HX,23,1,,,,,,ZrZc85MCoy5oMGRsY,H63QhY5RJY4dweyuG,SAxgcmru9QjLxry7Z,2021-03-05T20:28:44Z
Dmwsq6QGbhagkQoLF,24,1,,,,,,ZrZc85MCoy5oMGRsY,H63QhY5RJY4dweyuG,SAxgcmru9QjLxry7Z,2021-03-05T20:28:44Z
ZDyxDMFv7EDzNAgh3,25,1,,,,,,ZrZc85MCoy5oMGRsY,H63QhY5RJY4dweyuG,SAxgcmru9QjLxry7Z,2021-03-05T20:28:44Z
uP6nPqhCkCazK35ec,26,1,,,,,,2GG93MCADu6QAyoxk,H63QhY5RJY4dweyuG,SAxgcmru9QjLxry7Z,2021-03-05T20:28:44Z
6Gasq43BLr62xEWrD,27,1,,,,,,ZrZc85MCoy5oMGRsY,H63QhY5RJY4dweyuG,SAxgcmru9QjLxry7Z,2021-03-05T20:28:44Z
S4W848W5a23SfehTz,28,1,,,,,,ZrZc85MCoy5oMGRsY,H63QhY5RJY4dweyuG,SAxgcmru9QjLxry7Z,2021-03-05T20:28:44Z
ieZH9WyKCewoxKcuD,29,1,,,,,,2GG93MCADu6QAyoxk,H63QhY5RJY4dweyuG,SAxgcmru9QjLxry7Z,2021-03-05T20:28:44Z
gTJdQnJbkiMDQrycG,0,1,,,wJiekNgiyNY8cn9oZ,wJiekNgiyNY8cn9oZ,gTJdQnJbkiMDQrycG,tXi8SudwpMBwJrnMq,rcwiCos7Ri49yBFzy,SAxgcmru9QjLxry7Z,2021-03-05T20:32:17Z
eQ8987dvg3AKkbtiz,0,1,,,,,,ZrZc85MCoy5oMGRsY,YBy5oQKjL6nJH6gMX,SAxgcmru9QjLxry7Z,2021-03-05T21:29:11Z
onkLspXYQwurfJtH9,1,1,,,,,,2GG93MCADu6QAyoxk,YBy5oQKjL6nJH6gMX,SAxgcmru9QjLxry7Z,2021-03-05T21:29:11Z
RR5sfiTW84rWwgoZA,2,1,,,,,,ZrZc85MCoy5oMGRsY,YBy5oQKjL6nJH6gMX,SAxgcmru9QjLxry7Z,2021-03-05T21:29:11Z
kaTvjtevSJHfyg4G5,3,1,,,,,,ZrZc85MCoy5oMGRsY,YBy5oQKjL6nJH6gMX,SAxgcmru9QjLxry7Z,2021-03-05T21:29:11Z
5YivQyZC4jYZ4NZPt,4,1,,,,,,ZrZc85MCoy5oMGRsY,YBy5oQKjL6nJH6gMX,SAxgcmru9QjLxry7Z,2021-03-05T21:29:11Z
qPqmGAehxddjk5AHA,5,1,,,,,,2GG93MCADu6QAyoxk,YBy5oQKjL6nJH6gMX,SAxgcmru9QjLxry7Z,2021-03-05T21:29:11Z
YYdfnNwmgFHsTmyA7,6,1,,,,,,ZrZc85MCoy5oMGRsY,YBy5oQKjL6nJH6gMX,SAxgcmru9QjLxry7Z,2021-03-05T21:29:11Z
LPk9nguNAXD8JknLg,7,1,,,,,,ZrZc85MCoy5oMGRsY,YBy5oQKjL6nJH6gMX,SAxgcmru9QjLxry7Z,2021-03-05T21:29:11Z
7wo2xPbQFZpfggrqb,8,1,,,,,,ZrZc85MCoy5oMGRsY,YBy5oQKjL6nJH6gMX,SAxgcmru9QjLxry7Z,2021-03-05T21:29:11Z
6LmgYZZJ4XJY95wJM,9,1,,,,,,2GG93MCADu6QAyoxk,YBy5oQKjL6nJH6gMX,SAxgcmru9QjLxry7Z,2021-03-05T21:29:11Z
w5Nm2ATHzLSDJr8ue,10,1,,,,,,ZrZc85MCoy5oMGRsY,YBy5oQKjL6nJH6gMX,SAxgcmru9QjLxry7Z,2021-03-05T21:29:11Z
FoeE6qDABZdsB9TEh,11,1,,,,,,2GG93MCADu6QAyoxk,YBy5oQKjL6nJH6gMX,SAxgcmru9QjLxry7Z,2021-03-05T21:29:11Z
WfSF99Z29SfHusf5v,12,1,,,,,,ZrZc85MCoy5oMGRsY,YBy5oQKjL6nJH6gMX,SAxgcmru9QjLxry7Z,2021-03-05T21:29:11Z
7c2G9y2wo3AqwCzoC,13,1,,,,,,ZrZc85MCoy5oMGRsY,YBy5oQKjL6nJH6gMX,SAxgcmru9QjLxry7Z,2021-03-05T21:29:11Z
sQTNma4BiTQ9i7PCS,14,1,,,,,,ZrZc85MCoy5oMGRsY,YBy5oQKjL6nJH6gMX,SAxgcmru9QjLxry7Z,2021-03-05T21:29:11Z
zeXgkekXma2TgTj6q,15,1,,,,,,2GG93MCADu6QAyoxk,YBy5oQKjL6nJH6gMX,SAxgcmru9QjLxry7Z,2021-03-05T21:29:11Z
wRYf7Y832MFC2TRK5,16,1,,,,,,2GG93MCADu6QAyoxk,YBy5oQKjL6nJH6gMX,SAxgcmru9QjLxry7Z,2021-03-05T21:29:11Z
y8BEENMDZss3dL5XZ,17,1,,,,,,ZrZc85MCoy5oMGRsY,YBy5oQKjL6nJH6gMX,SAxgcmru9QjLxry7Z,2021-03-05T21:29:11Z
b2iN4ek5db8ZNYntX,18,1,,,,,,2GG93MCADu6QAyoxk,YBy5oQKjL6nJH6gMX,SAxgcmru9QjLxry7Z,2021-03-05T21:29:11Z
kGWZvfQBC5XYkGQsf,19,1,,,,,,2GG93MCADu6QAyoxk,YBy5oQKjL6nJH6gMX,SAxgcmru9QjLxry7Z,2021-03-05T21:29:11Z
h3wKe3JxNxMLzwXxb,20,1,,,,,,ZrZc85MCoy5oMGRsY,YBy5oQKjL6nJH6gMX,SAxgcmru9QjLxry7Z,2021-03-05T21:29:11Z
JTXT4S2F4dTfCuhgx,21,1,,,,,,2GG93MCADu6QAyoxk,YBy5oQKjL6nJH6gMX,SAxgcmru9QjLxry7Z,2021-03-05T21:29:11Z
HDgDwyvESfKvHPf8h,22,1,,,,,,2GG93MCADu6QAyoxk,YBy5oQKjL6nJH6gMX,SAxgcmru9QjLxry7Z,2021-03-05T21:29:11Z
we7zFNjaGub3MsyRn,23,1,,,sp5JSgyETEs9RBT9D,sp5JSgyETEs9RBT9D,we7zFNjaGub3MsyRn,2GG93MCADu6QAyoxk,YBy5oQKjL6nJH6gMX,SAxgcmru9QjLxry7Z,2021-03-05T21:29:11Z
c5hcFaZ92abpc2rto,24,1,,,,,,2GG93MCADu6QAyoxk,YBy5oQKjL6nJH6gMX,SAxgcmru9QjLxry7Z,2021-03-05T21:29:11Z
bHWHAkt4NyuBQRngj,25,1,,,,,,ZrZc85MCoy5oMGRsY,YBy5oQKjL6nJH6gMX,SAxgcmru9QjLxry7Z,2021-03-05T21:29:11Z
ZBPunWbmJGj7YoWXM,26,1,,,,,,2GG93MCADu6QAyoxk,YBy5oQKjL6nJH6gMX,SAxgcmru9QjLxry7Z,2021-03-05T21:29:11Z
NdbgiTSX67H54HLJz,27,1,,,,,,2GG93MCADu6QAyoxk,YBy5oQKjL6nJH6gMX,SAxgcmru9QjLxry7Z,2021-03-05T21:29:11Z
9KwgsB8KNet2fzhmX,28,1,,,,,,2GG93MCADu6QAyoxk,YBy5oQKjL6nJH6gMX,SAxgcmru9QjLxry7Z,2021-03-05T21:29:11Z
DPLRarBeJEGMs2oB5,29,1,,,,,,ZrZc85MCoy5oMGRsY,YBy5oQKjL6nJH6gMX,SAxgcmru9QjLxry7Z,2021-03-05T21:29:11Z
fGnGyZ7tBhoNcXzxD,0,1,,,,,,Sp4ZsQfFWLbNshvoM,CQ3tW3gwBWSWXKPws,SAxgcmru9QjLxry7Z,2021-03-05T21:32:51Z
EnTZy7Sih4srSniBc,1,1,,,,,,bSFtXoybLdfbxAvuC,CQ3tW3gwBWSWXKPws,SAxgcmru9QjLxry7Z,2021-03-05T21:32:51Z
nWrLb7vjFewuWvNKK,2,1,,,,,,bSFtXoybLdfbxAvuC,CQ3tW3gwBWSWXKPws,SAxgcmru9QjLxry7Z,2021-03-05T21:32:51Z
tAr2v5jb3wtBZ6AKt,3,1,,,,,,Sp4ZsQfFWLbNshvoM,CQ3tW3gwBWSWXKPws,SAxgcmru9QjLxry7Z,2021-03-05T21:32:51Z
t9iMN5667REoD7xen,4,1,,,,,,bSFtXoybLdfbxAvuC,CQ3tW3gwBWSWXKPws,SAxgcmru9QjLxry7Z,2021-03-05T21:32:51Z
8eBaTuT8rGr5GcNTQ,5,1,,,,,,Sp4ZsQfFWLbNshvoM,CQ3tW3gwBWSWXKPws,SAxgcmru9QjLxry7Z,2021-03-05T21:32:51Z
e6SDqbaxRpruJDTPH,6,1,,,do3Tw8Ho5XzgkJS3b,do3Tw8Ho5XzgkJS3b,e6SDqbaxRpruJDTPH,bSFtXoybLdfbxAvuC,CQ3tW3gwBWSWXKPws,SAxgcmru9QjLxry7Z,2021-03-05T21:32:51Z
zvNDHtH9YDX3T9XBu,7,1,,,,,,Sp4ZsQfFWLbNshvoM,CQ3tW3gwBWSWXKPws,SAxgcmru9QjLxry7Z,2021-03-05T21:32:51Z
G32gQyCD3jABi2gny,8,1,,,,,,Sp4ZsQfFWLbNshvoM,CQ3tW3gwBWSWXKPws,SAxgcmru9QjLxry7Z,2021-03-05T21:32:51Z
3prtR77q2pkCXF8o9,9,1,,,,,,bSFtXoybLdfbxAvuC,CQ3tW3gwBWSWXKPws,SAxgcmru9QjLxry7Z,2021-03-05T21:32:51Z
bf5Hn3YQ925wBez8W,10,1,,,,,,bSFtXoybLdfbxAvuC,CQ3tW3gwBWSWXKPws,SAxgcmru9QjLxry7Z,2021-03-05T21:32:51Z
sgDoGkp3gZibKS386,11,1,,,,,,bSFtXoybLdfbxAvuC,CQ3tW3gwBWSWXKPws,SAxgcmru9QjLxry7Z,2021-03-05T21:32:51Z
Knkt3QeqFR4AuwLBR,12,1,,,,,,bSFtXoybLdfbxAvuC,CQ3tW3gwBWSWXKPws,SAxgcmru9QjLxry7Z,2021-03-05T21:32:51Z
ZwonzNZsiTWkAfkBH,13,1,,,,,,Sp4ZsQfFWLbNshvoM,CQ3tW3gwBWSWXKPws,SAxgcmru9QjLxry7Z,2021-03-05T21:32:51Z
fzuSqcFrBmYa9Gmf3,14,1,,,,,,Sp4ZsQfFWLbNshvoM,CQ3tW3gwBWSWXKPws,SAxgcmru9QjLxry7Z,2021-03-05T21:32:51Z
ujvJpCtD8vDGpX6qH,15,1,,,,,,bSFtXoybLdfbxAvuC,CQ3tW3gwBWSWXKPws,SAxgcmru9QjLxry7Z,2021-03-05T21:32:51Z
HkFYXCNKbBJnfKdfC,16,1,,,,,,Sp4ZsQfFWLbNshvoM,CQ3tW3gwBWSWXKPws,SAxgcmru9QjLxry7Z,2021-03-05T21:32:51Z
4B2XpnhaQfqsbxL9t,17,1,,,,,,bSFtXoybLdfbxAvuC,CQ3tW3gwBWSWXKPws,SAxgcmru9QjLxry7Z,2021-03-05T21:32:51Z
mF32wz25jJLdCGQMs,18,1,,,,,,Sp4ZsQfFWLbNshvoM,CQ3tW3gwBWSWXKPws,SAxgcmru9QjLxry7Z,2021-03-05T21:32:51Z
bT2P8tSHnbC38Wf2e,19,1,,,,,,bSFtXoybLdfbxAvuC,CQ3tW3gwBWSWXKPws,SAxgcmru9QjLxry7Z,2021-03-05T21:32:51Z
gZ2YGcZCaiw3xqsMX,0,1,,,,,,bSFtXoybLdfbxAvuC,Qgm2afrWDjdyK3fCe,SAxgcmru9QjLxry7Z,2021-03-05T22:48:21Z
r4JkDXtbhTr2wjwjD,1,1,,,EBSrzyaofnXoszzob,EBSrzyaofnXoszzob,r4JkDXtbhTr2wjwjD,Sp4ZsQfFWLbNshvoM,Qgm2afrWDjdyK3fCe,SAxgcmru9QjLxry7Z,2021-03-05T22:48:21Z
MPuzpqhYeCpJDM7jX,2,1,,,,,,Sp4ZsQfFWLbNshvoM,Qgm2afrWDjdyK3fCe,SAxgcmru9QjLxry7Z,2021-03-05T22:48:21Z
uTNTqPwBWF58jDSiX,3,1,,,,,,Sp4ZsQfFWLbNshvoM,Qgm2afrWDjdyK3fCe,SAxgcmru9QjLxry7Z,2021-03-05T22:48:21Z
etYsohfXwihMHFAgG,4,1,,,,,,Sp4ZsQfFWLbNshvoM,Qgm2afrWDjdyK3fCe,SAxgcmru9QjLxry7Z,2021-03-05T22:48:21Z
u7p2X7h7cgs8KYXjJ,5,1,,,,,,Sp4ZsQfFWLbNshvoM,Qgm2afrWDjdyK3fCe,SAxgcmru9QjLxry7Z,2021-03-05T22:48:21Z
KtCZ9Qfdzkit28toL,6,1,,,,,,bSFtXoybLdfbxAvuC,Qgm2afrWDjdyK3fCe,SAxgcmru9QjLxry7Z,2021-03-05T22:48:21Z
TvyEgMjZaELxeBoX9,7,1,,,,,,Sp4ZsQfFWLbNshvoM,Qgm2afrWDjdyK3fCe,SAxgcmru9QjLxry7Z,2021-03-05T22:48:21Z
DodmJfRP3wuxTf9Ag,8,1,,,,,,bSFtXoybLdfbxAvuC,Qgm2afrWDjdyK3fCe,SAxgcmru9QjLxry7Z,2021-03-05T22:48:21Z
e93j4NLL42pM4MhEB,9,1,,,,,,Sp4ZsQfFWLbNshvoM,Qgm2afrWDjdyK3fCe,SAxgcmru9QjLxry7Z,2021-03-05T22:48:21Z
AwRFh44XsxCZgSyb8,10,1,,,,,,bSFtXoybLdfbxAvuC,Qgm2afrWDjdyK3fCe,SAxgcmru9QjLxry7Z,2021-03-05T22:48:22Z
5P8rzZKFjzBFRRkAJ,11,1,,,,,,Sp4ZsQfFWLbNshvoM,Qgm2afrWDjdyK3fCe,SAxgcmru9QjLxry7Z,2021-03-05T22:48:22Z
fkgL8WRuEcHgoqN6f,12,1,,,,,,Sp4ZsQfFWLbNshvoM,Qgm2afrWDjdyK3fCe,SAxgcmru9QjLxry7Z,2021-03-05T22:48:22Z
rPCBp2gFHrPbKfQ45,13,1,,,,,,bSFtXoybLdfbxAvuC,Qgm2afrWDjdyK3fCe,SAxgcmru9QjLxry7Z,2021-03-05T22:48:22Z
k4KJEFTfxaKzF8mMM,14,1,,,,,,bSFtXoybLdfbxAvuC,Qgm2afrWDjdyK3fCe,SAxgcmru9QjLxry7Z,2021-03-05T22:48:22Z
mz3yJzNNJ6RiWaNo3,15,1,,,,,,bSFtXoybLdfbxAvuC,Qgm2afrWDjdyK3fCe,SAxgcmru9QjLxry7Z,2021-03-05T22:48:22Z
JLCpFfwufKKq98MxL,16,1,,,,,,Sp4ZsQfFWLbNshvoM,Qgm2afrWDjdyK3fCe,SAxgcmru9QjLxry7Z,2021-03-05T22:48:22Z
QT6ZpSwgRzS9zTDeW,17,1,,,,,,bSFtXoybLdfbxAvuC,Qgm2afrWDjdyK3fCe,SAxgcmru9QjLxry7Z,2021-03-05T22:48:22Z
ZY6oAsLRMAfQn9G4D,18,1,,,,,,bSFtXoybLdfbxAvuC,Qgm2afrWDjdyK3fCe,SAxgcmru9QjLxry7Z,2021-03-05T22:48:22Z
8tGpFqL5MuuGaczwc,19,1,,,,,,bSFtXoybLdfbxAvuC,Qgm2afrWDjdyK3fCe,SAxgcmru9QjLxry7Z,2021-03-05T22:48:22Z
ejGA5jCrGP85gFDyR,0,1,,,xCBRYodmQaMuA9yQv,xCBRYodmQaMuA9yQv,ejGA5jCrGP85gFDyR,bSFtXoybLdfbxAvuC,fW98PEkqzqJwkRHLs,SAxgcmru9QjLxry7Z,2021-03-05T22:48:54Z
BeAXCDh9f9ftDzC7S,1,1,,,C2EAJ9sBKnmr8rHPX,C2EAJ9sBKnmr8rHPX,BeAXCDh9f9ftDzC7S,Sp4ZsQfFWLbNshvoM,fW98PEkqzqJwkRHLs,SAxgcmru9QjLxry7Z,2021-03-05T22:48:54Z
Knkx8udf6tSsBkEjL,2,1,,,M3xpPK5y3rdQSKjgB,M3xpPK5y3rdQSKjgB,Knkx8udf6tSsBkEjL,bSFtXoybLdfbxAvuC,fW98PEkqzqJwkRHLs,SAxgcmru9QjLxry7Z,2021-03-05T22:48:54Z
7bmrhHgm9EY5PWagF,3,1,,,hv8r4YkrbnNiDkNDF,hv8r4YkrbnNiDkNDF,7bmrhHgm9EY5PWagF,Sp4ZsQfFWLbNshvoM,fW98PEkqzqJwkRHLs,SAxgcmru9QjLxry7Z,2021-03-05T22:48:54Z
uaB7uk5rKLqkv6ueg,4,1,,,"4TjRnZ8WGyQAJbA5p,NXG9wfa5jCpjts3v4",NXG9wfa5jCpjts3v4,uaB7uk5rKLqkv6ueg,bSFtXoybLdfbxAvuC,fW98PEkqzqJwkRHLs,SAxgcmru9QjLxry7Z,2021-03-05T22:48:54Z
BqSJezkCBKa6C9vPc,5,1,,,eLq5GkYWfcTw2ydfp,eLq5GkYWfcTw2ydfp,BqSJezkCBKa6C9vPc,Sp4ZsQfFWLbNshvoM,fW98PEkqzqJwkRHLs,SAxgcmru9QjLxry7Z,2021-03-05T22:48:54Z
PD7pLbCQthfM7LBcR,6,1,,,M8vsHacqaaNvayX7g,M8vsHacqaaNvayX7g,PD7pLbCQthfM7LBcR,bSFtXoybLdfbxAvuC,fW98PEkqzqJwkRHLs,SAxgcmru9QjLxry7Z,2021-03-05T22:48:54Z
CRXMSrAdfZ7QdoWsu,7,1,,,vuXdSyaxJy53z8PJM,vuXdSyaxJy53z8PJM,CRXMSrAdfZ7QdoWsu,Sp4ZsQfFWLbNshvoM,fW98PEkqzqJwkRHLs,SAxgcmru9QjLxry7Z,2021-03-05T22:48:54Z
7yuJtSxT89TmBHWph,8,1,,,erighEhRqBderPLvx,erighEhRqBderPLvx,7yuJtSxT89TmBHWph,bSFtXoybLdfbxAvuC,fW98PEkqzqJwkRHLs,SAxgcmru9QjLxry7Z,2021-03-05T22:48:54Z
RNkpbaYBZsfZhMPRp,9,1,,,C3PTbGebW4MrGPKjy,C3PTbGebW4MrGPKjy,RNkpbaYBZsfZhMPRp,Sp4ZsQfFWLbNshvoM,fW98PEkqzqJwkRHLs,SAxgcmru9QjLxry7Z,2021-03-05T22:48:54Z
4T67xzravn3P8hkfw,10,1,,,MMDJdMqvPpNGYMM4R,MMDJdMqvPpNGYMM4R,4T67xzravn3P8hkfw,bSFtXoybLdfbxAvuC,fW98PEkqzqJwkRHLs,SAxgcmru9QjLxry7Z,2021-03-05T22:48:54Z
NPxbqDbbfsv2PXSDh,11,1,,,C5rrq46sYxb7HudsF,C5rrq46sYxb7HudsF,NPxbqDbbfsv2PXSDh,bSFtXoybLdfbxAvuC,fW98PEkqzqJwkRHLs,SAxgcmru9QjLxry7Z,2021-03-05T22:48:54Z
Q4WYd8WmmBfiEpsQb,12,1,,,4q2XapiB9xsLJY5Ce,4q2XapiB9xsLJY5Ce,Q4WYd8WmmBfiEpsQb,bSFtXoybLdfbxAvuC,fW98PEkqzqJwkRHLs,SAxgcmru9QjLxry7Z,2021-03-05T22:48:54Z
bXNuncdqcJsgNkWBt,13,1,,,tjYyFrJzDg2c3FNN2,tjYyFrJzDg2c3FNN2,bXNuncdqcJsgNkWBt,bSFtXoybLdfbxAvuC,fW98PEkqzqJwkRHLs,SAxgcmru9QjLxry7Z,2021-03-05T22:48:54Z
rvYvGGY3eQDoMEcou,14,1,,,hjKd8xZq9NoRhmbcB,hjKd8xZq9NoRhmbcB,rvYvGGY3eQDoMEcou,bSFtXoybLdfbxAvuC,fW98PEkqzqJwkRHLs,SAxgcmru9QjLxry7Z,2021-03-05T22:48:54Z
77HogCLBxgJQBbG6N,15,1,,,xEKAS3dMqdH3thjHq,xEKAS3dMqdH3thjHq,77HogCLBxgJQBbG6N,bSFtXoybLdfbxAvuC,fW98PEkqzqJwkRHLs,SAxgcmru9QjLxry7Z,2021-03-05T22:48:54Z
SfASHCxLwf8rmXRmz,16,1,,,wWfZjAmbkBjo2NA9H,wWfZjAmbkBjo2NA9H,SfASHCxLwf8rmXRmz,Sp4ZsQfFWLbNshvoM,fW98PEkqzqJwkRHLs,SAxgcmru9QjLxry7Z,2021-03-05T22:48:54Z
kG6WRBk2LrAxum2Sp,17,1,,,KmXhaZ7EtwrhCAd9s,KmXhaZ7EtwrhCAd9s,kG6WRBk2LrAxum2Sp,bSFtXoybLdfbxAvuC,fW98PEkqzqJwkRHLs,SAxgcmru9QjLxry7Z,2021-03-05T22:48:54Z
hEzauMsbZEy9MAPX2,18,1,,,2dgQsDhmpzFwFL54e,2dgQsDhmpzFwFL54e,hEzauMsbZEy9MAPX2,bSFtXoybLdfbxAvuC,fW98PEkqzqJwkRHLs,SAxgcmru9QjLxry7Z,2021-03-05T22:48:54Z
BPgEMaLHYekoyr6Qk,19,1,,,jyhqJnJqmTcyqQeFr,jyhqJnJqmTcyqQeFr,BPgEMaLHYekoyr6Qk,Sp4ZsQfFWLbNshvoM,fW98PEkqzqJwkRHLs,SAxgcmru9QjLxry7Z,2021-03-05T22:48:54Z
2euySomHoNqacASTh,0,1,,,,,,bSFtXoybLdfbxAvuC,dozaN5LPKbXf6hfbx,SAxgcmru9QjLxry7Z,2021-03-06T02:57:57Z
X9kNpdscGrTMFWQAq,1,1,,,bnZMAt3N2iYBaE3x6,bnZMAt3N2iYBaE3x6,X9kNpdscGrTMFWQAq,Sp4ZsQfFWLbNshvoM,dozaN5LPKbXf6hfbx,SAxgcmru9QjLxry7Z,2021-03-06T02:57:57Z
fbbaxLe8EhxokXaFy,2,1,,,N44pwETmbPaxKCbwe,N44pwETmbPaxKCbwe,fbbaxLe8EhxokXaFy,Sp4ZsQfFWLbNshvoM,dozaN5LPKbXf6hfbx,SAxgcmru9QjLxry7Z,2021-03-06T02:57:57Z
ufk5MJ39toqAMBwB8,3,1,,,,,,Sp4ZsQfFWLbNshvoM,dozaN5LPKbXf6hfbx,SAxgcmru9QjLxry7Z,2021-03-06T02:57:57Z
mrvJocjwG6p5Ah7Sb,4,1,,,,,,bSFtXoybLdfbxAvuC,dozaN5LPKbXf6hfbx,SAxgcmru9QjLxry7Z,2021-03-06T02:57:57Z
gDQkfswx2LJdxYgkf,5,1,,,,,,bSFtXoybLdfbxAvuC,dozaN5LPKbXf6hfbx,SAxgcmru9QjLxry7Z,2021-03-06T02:57:57Z
