_id,batchId,playerId,stageId,roundId,gameId,createdAt,submittedAt,data.score,data.selection,data.submission
G75LR2FEQYpWjfn6E,y5juXMekYAGwKciLg,xJX5qnu97XNAfukBw,anSvKCj34mToD8tn6,hrFShmefKvHJvGNn2,u8MT84QCCwoBX4HaF,2021-01-23T00:07:58Z,2021-01-23T00:08:02Z,0.039414314971473546,"1,0,0,0,0,0,1,0,1,1","{""curSelection"":[1,0,0,0,0,0,1,0,1,1],""score"":0.039414314971473546}"
vciNbLdj8LM5piaaT,y5juXMekYAGwKciLg,xJX5qnu97XNAfukBw,nTqdrWKNNTqvMfqTD,hrFShmefKvHJvGNn2,u8MT84QCCwoBX4HaF,2021-01-23T00:07:58Z,2021-01-23T00:08:04Z,0.05426945667437414,"1,0,1,0,0,0,1,0,1,1","{""curSelection"":[1,0,1,0,0,0,1,0,1,1],""score"":0.05426945667437414}"
arFKjsaJ99ZNXB7F7,y5juXMekYAGwKciLg,xJX5qnu97XNAfukBw,xW3NYCFcgpWgEvy4X,hrFShmefKvHJvGNn2,u8MT84QCCwoBX4HaF,2021-01-23T00:07:58Z,2021-01-23T00:08:06Z,0.04225766443305195,"1,0,1,0,0,0,0,0,1,1","{""curSelection"":[1,0,1,0,0,0,0,0,1,1],""score"":0.04225766443305195}"
FrwN4kctNPHMJ8Syi,y5juXMekYAGwKciLg,xJX5qnu97XNAfukBw,HQNcaq7WBWxiu6DFw,hrFShmefKvHJvGNn2,u8MT84QCCwoBX4HaF,2021-01-23T00:07:58Z,2021-01-23T00:08:14Z,0.04931816887547504,"1,0,1,0,1,0,0,0,1,1","{""curSelection"":[1,0,1,0,1,0,0,0,1,1],""score"":0.04931816887547504}"
G8RnvdXFG3RdxmfXF,y5juXMekYAGwKciLg,xJX5qnu97XNAfukBw,gpd4BFHhY4bGLCDMw,hrFShmefKvHJvGNn2,u8MT84QCCwoBX4HaF,2021-01-23T00:07:58Z,2021-01-23T00:08:17Z,0.0725222955471033,"1,0,1,0,1,1,1,0,1,1","{""curSelection"":[1,0,1,0,1,1,1,0,1,1],""score"":0.0725222955471033}"
HCoEtPeT5y9saeDcN,y5juXMekYAGwKciLg,xJX5qnu97XNAfukBw,6rmsqG4Ntkv5gFKA9,hrFShmefKvHJvGNn2,u8MT84QCCwoBX4HaF,2021-01-23T00:07:58Z,2021-01-23T00:08:18Z,0.0566263467632981,"0,0,1,0,1,1,1,0,1,1","{""curSelection"":[0,0,1,0,1,1,1,0,1,1],""score"":0.0566263467632981}"
SWKijb3KAmFMYANcp,y5juXMekYAGwKciLg,xJX5qnu97XNAfukBw,wPQQj5ePzWCmpstkL,hrFShmefKvHJvGNn2,u8MT84QCCwoBX4HaF,2021-01-23T00:07:58Z,2021-01-23T00:08:19Z,0.0566263467632981,,"{""curSelection"":[0,0,1,0,1,1,1,0,1,1],""score"":0.0566263467632981}"
7J5FkYrpkD6Kbizae,y5juXMekYAGwKciLg,xJX5qnu97XNAfukBw,aSZBvW7ijyzY8SHoF,hrFShmefKvHJvGNn2,u8MT84QCCwoBX4HaF,2021-01-23T00:07:58Z,2021-01-23T00:08:20Z,0.0566263467632981,,"{""curSelection"":[0,0,1,0,1,1,1,0,1,1],""score"":0.0566263467632981}"
Mdv5GhJ6L2CZZ2tdd,y5juXMekYAGwKciLg,xJX5qnu97XNAfukBw,mFdfmXEFKSjL3EjJB,hrFShmefKvHJvGNn2,u8MT84QCCwoBX4HaF,2021-01-23T00:07:58Z,,0.0566263467632981,,"{""curSelection"":[0,0,1,0,1,1,1,0,1,1],""score"":0.0566263467632981}"
C6Z34WdvN9AnLGSNt,y5juXMekYAGwKciLg,xJX5qnu97XNAfukBw,ZygGHCPdF8MzY7Fkg,hrFShmefKvHJvGNn2,u8MT84QCCwoBX4HaF,2021-01-23T00:07:58Z,,0.0566263467632981,,"{""curSelection"":[0,0,1,0,1,1,1,0,1,1],""score"":0.0566263467632981}"
kLrH5LFgoxftNfpb9,y5juXMekYAGwKciLg,xJX5qnu97XNAfukBw,Z8TCGBRuZmncGw8PP,hrFShmefKvHJvGNn2,u8MT84QCCwoBX4HaF,2021-01-23T00:07:58Z,2021-01-23T00:09:25Z,0.0725222955471033,"1,0,1,0,1,1,1,0,1,1","{""curSelection"":[1,0,1,0,1,1,1,0,1,1],""score"":0.0725222955471033}"
Zaj7qnAniEZEWZzDZ,y5juXMekYAGwKciLg,xJX5qnu97XNAfukBw,65yRuKtzh36QjuiNS,hrFShmefKvHJvGNn2,u8MT84QCCwoBX4HaF,2021-01-23T00:07:58Z,2021-01-23T00:09:27Z,0.04931816887547504,"1,0,1,0,1,0,0,0,1,1","{""curSelection"":[1,0,1,0,1,0,0,0,1,1],""score"":0.04931816887547504}"
889CMTN6EqmGeTHq9,y5juXMekYAGwKciLg,xJX5qnu97XNAfukBw,Lcz5FK7eZCeWgefow,hrFShmefKvHJvGNn2,u8MT84QCCwoBX4HaF,2021-01-23T00:07:58Z,2021-01-23T00:09:29Z,0.05902772625278901,"1,0,1,0,1,0,1,0,1,1","{""curSelection"":[1,0,1,0,1,0,1,0,1,1],""score"":0.05902772625278901}"
BccsJqzCMgmtWBXq6,y5juXMekYAGwKciLg,xJX5qnu97XNAfukBw,2j7kTsvGsZGwZ5Pj8,hrFShmefKvHJvGNn2,u8MT84QCCwoBX4HaF,2021-01-23T00:07:58Z,2021-01-23T00:09:32Z,0.031301471051967504,"1,0,0,0,0,0,1,0,0,1","{""curSelection"":[1,0,0,0,0,0,1,0,0,1],""score"":0.031301471051967504}"
FMhxoAqncYAoEMu2z,y5juXMekYAGwKciLg,xJX5qnu97XNAfukBw,DPBWT35jAzDRmuiYL,hrFShmefKvHJvGNn2,u8MT84QCCwoBX4HaF,2021-01-23T00:07:58Z,2021-01-23T00:09:34Z,0.05426945667437414,"1,0,1,0,0,0,1,0,1,1","{""curSelection"":[1,0,1,0,0,0,1,0,1,1],""score"":0.05426945667437414}"
rJwFCYLhLkQWj2uQN,y5juXMekYAGwKciLg,xJX5qnu97XNAfukBw,rQxsBFyZxunrM8Zdu,hrFShmefKvHJvGNn2,u8MT84QCCwoBX4HaF,2021-01-23T00:07:58Z,2021-01-23T00:09:39Z,0.0076115405687762335,"0,0,0,0,0,0,0,0,0,1","{""curSelection"":[0,0,0,0,0,0,0,0,0,1],""score"":0.0076115405687762335}"
vDjXPJgu26xLSGyqe,y5juXMekYAGwKciLg,xJX5qnu97XNAfukBw,7MduwbuAtvr8AzLEK,hrFShmefKvHJvGNn2,u8MT84QCCwoBX4HaF,2021-01-23T00:07:58Z,2021-01-23T00:09:39Z,0.0076115405687762335,,"{""curSelection"":[0,0,0,0,0,0,0,0,0,1],""score"":0.0076115405687762335}"
SGSzvtX5NZLE4eWtr,y5juXMekYAGwKciLg,xJX5qnu97XNAfukBw,wzxWFM2FFYrRQzcgW,hrFShmefKvHJvGNn2,u8MT84QCCwoBX4HaF,2021-01-23T00:07:58Z,2021-01-23T00:09:40Z,0.0076115405687762335,,"{""curSelection"":[0,0,0,0,0,0,0,0,0,1],""score"":0.0076115405687762335}"
uvJCLErFTEgnrKcDo,y5juXMekYAGwKciLg,xJX5qnu97XNAfukBw,dgDNrtbE5GhcE8SRB,hrFShmefKvHJvGNn2,u8MT84QCCwoBX4HaF,2021-01-23T00:07:58Z,2021-01-23T00:09:44Z,0.026287889233137008,"0,1,1,0,0,0,0,0,0,1","{""curSelection"":[0,1,1,0,0,0,0,0,0,1],""score"":0.026287889233137008}"
m2bMiTfS6K6e7x2oB,y5juXMekYAGwKciLg,xJX5qnu97XNAfukBw,6rm96yL2GkTsT4igp,hrFShmefKvHJvGNn2,u8MT84QCCwoBX4HaF,2021-01-23T00:07:58Z,2021-01-23T00:09:48Z,0.034847971793825594,"0,1,1,0,0,0,1,0,0,1","{""curSelection"":[0,1,1,0,0,0,1,0,0,1],""score"":0.034847971793825594}"
Lf54mgcBvzWnf998d,y5juXMekYAGwKciLg,xJX5qnu97XNAfukBw,npAfKGjtq8punHsf2,hrFShmefKvHJvGNn2,u8MT84QCCwoBX4HaF,2021-01-23T00:07:58Z,2021-01-23T00:09:50Z,0.06560662716461951,"0,1,1,1,0,0,1,0,1,1","{""curSelection"":[0,1,1,1,0,0,1,0,1,1],""score"":0.06560662716461951}"
eJcc7yuMaDCzB4vxP,y5juXMekYAGwKciLg,xJX5qnu97XNAfukBw,96nDABew7AewK6gbz,hrFShmefKvHJvGNn2,u8MT84QCCwoBX4HaF,2021-01-23T00:07:58Z,2021-01-23T00:09:55Z,0.06911507217597522,"0,1,1,1,0,1,1,0,1,1","{""curSelection"":[0,1,1,1,0,1,1,0,1,1],""score"":0.06911507217597522}"
2TXvH8AHzsFpThuHo,y5juXMekYAGwKciLg,xJX5qnu97XNAfukBw,sSDBoDCRWzGNRHD3G,hrFShmefKvHJvGNn2,u8MT84QCCwoBX4HaF,2021-01-23T00:07:58Z,2021-01-23T00:09:57Z,0.07500961655901915,"0,1,1,1,1,1,1,0,1,1","{""curSelection"":[0,1,1,1,1,1,1,0,1,1],""score"":0.07500961655901915}"
jnSSvxmowG3oKESxK,y5juXMekYAGwKciLg,xJX5qnu97XNAfukBw,4o9qLxoawn3qpMxr8,hrFShmefKvHJvGNn2,u8MT84QCCwoBX4HaF,2021-01-23T00:07:58Z,2021-01-23T00:09:59Z,0.09277780974196179,"0,1,1,1,1,1,1,1,1,1","{""curSelection"":[0,1,1,1,1,1,1,1,1,1],""score"":0.09277780974196179}"
PyNyzrsnS9osJ3M4d,y5juXMekYAGwKciLg,xJX5qnu97XNAfukBw,Sb9aDYvXbvbCa7QAA,hrFShmefKvHJvGNn2,u8MT84QCCwoBX4HaF,2021-01-23T00:07:58Z,2021-01-23T00:10:02Z,0.0825614595429068,"1,1,1,1,1,0,0,1,1,1","{""curSelection"":[1,1,1,1,1,0,0,1,1,1],""score"":0.0825614595429068}"
FdA5MSHXS8z3A7kHf,y5juXMekYAGwKciLg,xJX5qnu97XNAfukBw,ASzXqnxqGHBfZ9AiP,hrFShmefKvHJvGNn2,u8MT84QCCwoBX4HaF,2021-01-23T00:07:58Z,2021-01-23T00:10:07Z,0,,"{""curSelection"":[1,1,1,1,1,0,0,1,1,1],""score"":0.0825614595429068}"
iSEgHKYariSmao6zv,y5juXMekYAGwKciLg,xJX5qnu97XNAfukBw,TfW66NCDmsyfxSqp7,MK4mer2Rv22dyrkZ3,u8MT84QCCwoBX4HaF,2021-01-23T00:07:58Z,2021-01-23T00:10:09Z,0.03753398064995603,"1,1,0,1,1,1,0,1,1,1","{""curSelection"":[1,1,0,1,1,1,0,1,1,1],""score"":0.03753398064995603}"
o3A2xx9Hfbriteymh,y5juXMekYAGwKciLg,xJX5qnu97XNAfukBw,doGyZPENqX5oGWrqr,MK4mer2Rv22dyrkZ3,u8MT84QCCwoBX4HaF,2021-01-23T00:07:58Z,2021-01-23T00:10:10Z,0.0437892854326481,"1,1,0,1,1,1,1,1,1,1","{""curSelection"":[1,1,0,1,1,1,1,1,1,1],""score"":0.0437892854326481}"
ERjnoXCzfHadec7ub,y5juXMekYAGwKciLg,xJX5qnu97XNAfukBw,Fa3B2wq9EymZChRNF,MK4mer2Rv22dyrkZ3,u8MT84QCCwoBX4HaF,2021-01-23T00:07:58Z,2021-01-23T00:10:11Z,0.0437892854326481,,"{""curSelection"":[1,1,0,1,1,1,1,1,1,1],""score"":0.0437892854326481}"
Lw8Gf5iwGgdYzT2uM,y5juXMekYAGwKciLg,xJX5qnu97XNAfukBw,sDghc6eGB6BrudWpd,MK4mer2Rv22dyrkZ3,u8MT84QCCwoBX4HaF,2021-01-23T00:07:58Z,2021-01-23T00:10:12Z,0.0437892854326481,,"{""curSelection"":[1,1,0,1,1,1,1,1,1,1],""score"":0.0437892854326481}"
ntS26DPgKfRezwxhA,y5juXMekYAGwKciLg,xJX5qnu97XNAfukBw,ngkdczyGDrwC9zshz,MK4mer2Rv22dyrkZ3,u8MT84QCCwoBX4HaF,2021-01-23T00:07:58Z,2021-01-23T00:10:12Z,0.0437892854326481,,"{""curSelection"":[1,1,0,1,1,1,1,1,1,1],""score"":0.0437892854326481}"
Ju7WcZEGogtka3kba,y5juXMekYAGwKciLg,xJX5qnu97XNAfukBw,scKgPF6drhoe6DCya,MK4mer2Rv22dyrkZ3,u8MT84QCCwoBX4HaF,2021-01-23T00:07:58Z,2021-01-23T00:10:13Z,0.0437892854326481,,"{""curSelection"":[1,1,0,1,1,1,1,1,1,1],""score"":0.0437892854326481}"
sdrmhbx9QN32PTS3B,y5juXMekYAGwKciLg,xJX5qnu97XNAfukBw,95SNnbxWzHW7KnfDj,MK4mer2Rv22dyrkZ3,u8MT84QCCwoBX4HaF,2021-01-23T00:07:58Z,2021-01-23T00:10:13Z,0.0437892854326481,,"{""curSelection"":[1,1,0,1,1,1,1,1,1,1],""score"":0.0437892854326481}"
YmqZdRoKY6trjXxZC,y5juXMekYAGwKciLg,xJX5qnu97XNAfukBw,ZMKwNYCZ8QyDXzJLo,MK4mer2Rv22dyrkZ3,u8MT84QCCwoBX4HaF,2021-01-23T00:07:58Z,2021-01-23T00:10:14Z,0.0437892854326481,,"{""curSelection"":[1,1,0,1,1,1,1,1,1,1],""score"":0.0437892854326481}"
eDJiGahxcvKStHTdz,y5juXMekYAGwKciLg,xJX5qnu97XNAfukBw,noggtGYD9SoCG7Hkz,MK4mer2Rv22dyrkZ3,u8MT84QCCwoBX4HaF,2021-01-23T00:07:58Z,2021-01-23T00:10:14Z,0.0437892854326481,,"{""curSelection"":[1,1,0,1,1,1,1,1,1,1],""score"":0.0437892854326481}"
2Y5MWGw8oNLgbr73B,y5juXMekYAGwKciLg,xJX5qnu97XNAfukBw,EjRDjAY8XyowqXs5d,MK4mer2Rv22dyrkZ3,u8MT84QCCwoBX4HaF,2021-01-23T00:07:58Z,2021-01-23T00:10:14Z,0.0437892854326481,,"{""curSelection"":[1,1,0,1,1,1,1,1,1,1],""score"":0.0437892854326481}"
rW5ejC5fzo6SZuTXi,y5juXMekYAGwKciLg,xJX5qnu97XNAfukBw,XMjtLgK4ShLFmjL75,MK4mer2Rv22dyrkZ3,u8MT84QCCwoBX4HaF,2021-01-23T00:07:58Z,2021-01-23T00:10:15Z,0.0437892854326481,,"{""curSelection"":[1,1,0,1,1,1,1,1,1,1],""score"":0.0437892854326481}"
cYvKdENxSfsiduQ3C,y5juXMekYAGwKciLg,xJX5qnu97XNAfukBw,CirJeYq27pep4WBFA,MK4mer2Rv22dyrkZ3,u8MT84QCCwoBX4HaF,2021-01-23T00:07:58Z,2021-01-23T00:10:15Z,0.0437892854326481,,"{""curSelection"":[1,1,0,1,1,1,1,1,1,1],""score"":0.0437892854326481}"
59Xw4pi4bTL4QwRou,y5juXMekYAGwKciLg,xJX5qnu97XNAfukBw,JcADaaM5Lqvh9W3p6,MK4mer2Rv22dyrkZ3,u8MT84QCCwoBX4HaF,2021-01-23T00:07:58Z,2021-01-23T00:10:16Z,0.0437892854326481,,"{""curSelection"":[1,1,0,1,1,1,1,1,1,1],""score"":0.0437892854326481}"
KojeapctL3eP54MRz,y5juXMekYAGwKciLg,xJX5qnu97XNAfukBw,6ow9n4qqLgBh4xzBz,MK4mer2Rv22dyrkZ3,u8MT84QCCwoBX4HaF,2021-01-23T00:07:58Z,2021-01-23T00:10:17Z,0.0437892854326481,,"{""curSelection"":[1,1,0,1,1,1,1,1,1,1],""score"":0.0437892854326481}"
7mFkSMajmrkEkwcG6,y5juXMekYAGwKciLg,xJX5qnu97XNAfukBw,EuN2zZNey5XH2n9se,MK4mer2Rv22dyrkZ3,u8MT84QCCwoBX4HaF,2021-01-23T00:07:58Z,2021-01-23T00:10:17Z,0.0437892854326481,,"{""curSelection"":[1,1,0,1,1,1,1,1,1,1],""score"":0.0437892854326481}"
tm9Coe7hdRjRc2K8H,y5juXMekYAGwKciLg,xJX5qnu97XNAfukBw,LPJaRdvBX6aPGQ3Zx,MK4mer2Rv22dyrkZ3,u8MT84QCCwoBX4HaF,2021-01-23T00:07:58Z,2021-01-23T00:10:18Z,0.0437892854326481,,"{""curSelection"":[1,1,0,1,1,1,1,1,1,1],""score"":0.0437892854326481}"
S7osbP72khv99Tnfj,y5juXMekYAGwKciLg,xJX5qnu97XNAfukBw,mnzCA4QH6wMXK8rAT,MK4mer2Rv22dyrkZ3,u8MT84QCCwoBX4HaF,2021-01-23T00:07:58Z,2021-01-23T00:10:18Z,0.0437892854326481,,"{""curSelection"":[1,1,0,1,1,1,1,1,1,1],""score"":0.0437892854326481}"
R326qjP4RedFmd5Mm,y5juXMekYAGwKciLg,xJX5qnu97XNAfukBw,j8QwZEckW2QpW75Nf,MK4mer2Rv22dyrkZ3,u8MT84QCCwoBX4HaF,2021-01-23T00:07:58Z,2021-01-23T00:10:19Z,0.0437892854326481,,"{""curSelection"":[1,1,0,1,1,1,1,1,1,1],""score"":0.0437892854326481}"
cAnQR25pcZEGz55gX,y5juXMekYAGwKciLg,xJX5qnu97XNAfukBw,s5cd8sFLGPHgwQF7R,MK4mer2Rv22dyrkZ3,u8MT84QCCwoBX4HaF,2021-01-23T00:07:58Z,2021-01-23T00:10:19Z,0.0437892854326481,,"{""curSelection"":[1,1,0,1,1,1,1,1,1,1],""score"":0.0437892854326481}"
rvYuzzeR6xniJqzmT,y5juXMekYAGwKciLg,xJX5qnu97XNAfukBw,hN6m9XCEcamNEawMn,MK4mer2Rv22dyrkZ3,u8MT84QCCwoBX4HaF,2021-01-23T00:07:58Z,2021-01-23T00:10:20Z,0.0437892854326481,,"{""curSelection"":[1,1,0,1,1,1,1,1,1,1],""score"":0.0437892854326481}"
bHCc7DqTZXNLoWa34,y5juXMekYAGwKciLg,xJX5qnu97XNAfukBw,BnsZCvpTGyTJkpF5n,MK4mer2Rv22dyrkZ3,u8MT84QCCwoBX4HaF,2021-01-23T00:07:58Z,2021-01-23T00:10:20Z,0.0437892854326481,,"{""curSelection"":[1,1,0,1,1,1,1,1,1,1],""score"":0.0437892854326481}"
QLdy2SKzZMiwFAkkN,y5juXMekYAGwKciLg,xJX5qnu97XNAfukBw,xhcuC5YoDkCXmXhv7,MK4mer2Rv22dyrkZ3,u8MT84QCCwoBX4HaF,2021-01-23T00:07:58Z,2021-01-23T00:10:21Z,0.0437892854326481,,"{""curSelection"":[1,1,0,1,1,1,1,1,1,1],""score"":0.0437892854326481}"
oLccKtxLr89zpHxF5,y5juXMekYAGwKciLg,xJX5qnu97XNAfukBw,jL4BAMjZoEBCvDqrT,MK4mer2Rv22dyrkZ3,u8MT84QCCwoBX4HaF,2021-01-23T00:07:58Z,2021-01-23T00:10:21Z,0.0437892854326481,,"{""curSelection"":[1,1,0,1,1,1,1,1,1,1],""score"":0.0437892854326481}"
kebdRGS234q7RfMo8,y5juXMekYAGwKciLg,xJX5qnu97XNAfukBw,GrHbAHieP93ScC4Fm,MK4mer2Rv22dyrkZ3,u8MT84QCCwoBX4HaF,2021-01-23T00:07:58Z,2021-01-23T00:10:22Z,0.0437892854326481,,"{""curSelection"":[1,1,0,1,1,1,1,1,1,1],""score"":0.0437892854326481}"
m3PPFaaBa9eqhwELS,y5juXMekYAGwKciLg,xJX5qnu97XNAfukBw,6fFeHuW8aAHyc23Pu,MK4mer2Rv22dyrkZ3,u8MT84QCCwoBX4HaF,2021-01-23T00:07:58Z,2021-01-23T00:10:23Z,0.0437892854326481,,"{""curSelection"":[1,1,0,1,1,1,1,1,1,1],""score"":0.0437892854326481}"
Z4MEmAm3v3HRM8D7w,y5juXMekYAGwKciLg,xJX5qnu97XNAfukBw,LDvxA7pWeQ2ztWX6X,MK4mer2Rv22dyrkZ3,u8MT84QCCwoBX4HaF,2021-01-23T00:07:58Z,2021-01-23T00:10:25Z,0,,"{""curSelection"":[1,1,0,1,1,1,1,1,1,1],""score"":0.0437892854326481}"
CqzJufcuQoTqRC2b5,y5juXMekYAGwKciLg,xJX5qnu97XNAfukBw,xzhL92ZCj8viC3wwf,eEvnk3efQF5ZpCYBG,u8MT84QCCwoBX4HaF,2021-01-23T00:07:58Z,2021-01-23T00:10:28Z,0.016075028689687753,"0,0,0,0,0,1,1,0,0,0","{""curSelection"":[0,0,0,0,0,1,1,0,0,0],""score"":0.016075028689687753}"
cenC9Y4SyxNHQcxs6,y5juXMekYAGwKciLg,xJX5qnu97XNAfukBw,vzdsj6wJgjaAFWRs7,eEvnk3efQF5ZpCYBG,u8MT84QCCwoBX4HaF,2021-01-23T00:07:58Z,2021-01-23T00:10:29Z,0.007929732656052511,"0,0,0,0,0,1,1,1,0,0","{""curSelection"":[0,0,0,0,0,1,1,1,0,0],""score"":0.007929732656052511}"
RKRNxL85xh7frJ2AF,y5juXMekYAGwKciLg,xJX5qnu97XNAfukBw,FYbBaDTDKJ2FE38Ah,eEvnk3efQF5ZpCYBG,u8MT84QCCwoBX4HaF,2021-01-23T00:07:58Z,2021-01-23T00:10:31Z,0.024782930160865194,"1,0,0,0,0,1,1,1,0,0","{""curSelection"":[1,0,0,0,0,1,1,1,0,0],""score"":0.024782930160865194}"
gJ5CzYecdEJWWffZq,y5juXMekYAGwKciLg,xJX5qnu97XNAfukBw,3QQNA37ddPwh4H6yD,eEvnk3efQF5ZpCYBG,u8MT84QCCwoBX4HaF,2021-01-23T00:07:58Z,2021-01-23T00:10:31Z,0.024782930160865194,,"{""curSelection"":[1,0,0,0,0,1,1,1,0,0],""score"":0.024782930160865194}"
eKh46pXBmbcBTgLnT,y5juXMekYAGwKciLg,xJX5qnu97XNAfukBw,cjkdLw4DFczJDFoui,eEvnk3efQF5ZpCYBG,u8MT84QCCwoBX4HaF,2021-01-23T00:07:58Z,2021-01-23T00:10:32Z,0.024782930160865194,,"{""curSelection"":[1,0,0,0,0,1,1,1,0,0],""score"":0.024782930160865194}"
JLdLPoyAQp7zyRBaC,y5juXMekYAGwKciLg,xJX5qnu97XNAfukBw,dJdqdGb592fGbx2LA,eEvnk3efQF5ZpCYBG,u8MT84QCCwoBX4HaF,2021-01-23T00:07:58Z,2021-01-23T00:10:32Z,0.024782930160865194,,"{""curSelection"":[1,0,0,0,0,1,1,1,0,0],""score"":0.024782930160865194}"
acK3SQhhRu32fFrTi,y5juXMekYAGwKciLg,xJX5qnu97XNAfukBw,hs6GNPyND9F5TjGNg,eEvnk3efQF5ZpCYBG,u8MT84QCCwoBX4HaF,2021-01-23T00:07:58Z,2021-01-23T00:10:34Z,0.024782930160865194,,"{""curSelection"":[1,0,0,0,0,1,1,1,0,0],""score"":0.024782930160865194}"
mr7q9QpXvJGCbMAaN,y5juXMekYAGwKciLg,xJX5qnu97XNAfukBw,tDR9n6maGp35YpvPP,eEvnk3efQF5ZpCYBG,u8MT84QCCwoBX4HaF,2021-01-23T00:07:58Z,2021-01-23T00:10:34Z,0.024782930160865194,,"{""curSelection"":[1,0,0,0,0,1,1,1,0,0],""score"":0.024782930160865194}"
qGr2n2s6G8uZoNb3J,y5juXMekYAGwKciLg,xJX5qnu97XNAfukBw,WbhDXCrsDFoFF2qKD,eEvnk3efQF5ZpCYBG,u8MT84QCCwoBX4HaF,2021-01-23T00:07:58Z,2021-01-23T00:10:35Z,0.024782930160865194,,"{""curSelection"":[1,0,0,0,0,1,1,1,0,0],""score"":0.024782930160865194}"
usMK86eCidx8pd8r6,y5juXMekYAGwKciLg,xJX5qnu97XNAfukBw,DyqwwhZR2xPpj6KFJ,eEvnk3efQF5ZpCYBG,u8MT84QCCwoBX4HaF,2021-01-23T00:07:58Z,2021-01-23T00:10:36Z,0.05329470575322484,"1,0,0,0,0,1,1,1,1,0","{""curSelection"":[1,0,0,0,0,1,1,1,1,0],""score"":0.05329470575322484}"
ys4irCrQrN9S9S2Ao,y5juXMekYAGwKciLg,xJX5qnu97XNAfukBw,B7P6tjMaB3ffb79BP,eEvnk3efQF5ZpCYBG,u8MT84QCCwoBX4HaF,2021-01-23T00:07:58Z,2021-01-23T00:10:37Z,0.05329470575322484,,"{""curSelection"":[1,0,0,0,0,1,1,1,1,0],""score"":0.05329470575322484}"
dAKfsBY3Y4vnPQzux,y5juXMekYAGwKciLg,xJX5qnu97XNAfukBw,k7tjzwEJTSBYTvTjL,eEvnk3efQF5ZpCYBG,u8MT84QCCwoBX4HaF,2021-01-23T00:07:58Z,2021-01-23T00:10:37Z,0.05329470575322484,,"{""curSelection"":[1,0,0,0,0,1,1,1,1,0],""score"":0.05329470575322484}"
xkwkbafP7jhJjnRpp,y5juXMekYAGwKciLg,xJX5qnu97XNAfukBw,TPPnMdPn3tXDRwRtx,eEvnk3efQF5ZpCYBG,u8MT84QCCwoBX4HaF,2021-01-23T00:07:58Z,2021-01-23T00:10:38Z,0.05329470575322484,,"{""curSelection"":[1,0,0,0,0,1,1,1,1,0],""score"":0.05329470575322484}"
mq65dm4gFd6hXu4Yh,y5juXMekYAGwKciLg,xJX5qnu97XNAfukBw,WSEZ4wZ36GWczyaBv,eEvnk3efQF5ZpCYBG,u8MT84QCCwoBX4HaF,2021-01-23T00:07:58Z,2021-01-23T00:10:39Z,0.05329470575322484,,"{""curSelection"":[1,0,0,0,0,1,1,1,1,0],""score"":0.05329470575322484}"
k7X9HvsT3QoLHgDhh,y5juXMekYAGwKciLg,xJX5qnu97XNAfukBw,uSts6K3xxESKGCNkA,eEvnk3efQF5ZpCYBG,u8MT84QCCwoBX4HaF,2021-01-23T00:07:58Z,2021-01-23T00:10:39Z,0.05329470575322484,,"{""curSelection"":[1,0,0,0,0,1,1,1,1,0],""score"":0.05329470575322484}"
mgM6pa7WDBhkrpps4,y5juXMekYAGwKciLg,xJX5qnu97XNAfukBw,a5XxBFdkwGEx4fwXC,eEvnk3efQF5ZpCYBG,u8MT84QCCwoBX4HaF,2021-01-23T00:07:58Z,2021-01-23T00:10:40Z,0.05329470575322484,,"{""curSelection"":[1,0,0,0,0,1,1,1,1,0],""score"":0.05329470575322484}"
Y8nY2XuHeFcBbGevq,y5juXMekYAGwKciLg,xJX5qnu97XNAfukBw,gP32AtiM8TKMuC8zy,eEvnk3efQF5ZpCYBG,u8MT84QCCwoBX4HaF,2021-01-23T00:07:58Z,2021-01-23T00:10:40Z,0.05329470575322484,,"{""curSelection"":[1,0,0,0,0,1,1,1,1,0],""score"":0.05329470575322484}"
zfB8yy4jYguLR2AKP,y5juXMekYAGwKciLg,xJX5qnu97XNAfukBw,qLpFZTgnWMECnbg5X,eEvnk3efQF5ZpCYBG,u8MT84QCCwoBX4HaF,2021-01-23T00:07:58Z,2021-01-23T00:10:41Z,0.05329470575322484,,"{""curSelection"":[1,0,0,0,0,1,1,1,1,0],""score"":0.05329470575322484}"
nExJQxtDmSYD2BinJ,y5juXMekYAGwKciLg,xJX5qnu97XNAfukBw,vGBnXzWHgAHncRJdn,eEvnk3efQF5ZpCYBG,u8MT84QCCwoBX4HaF,2021-01-23T00:07:58Z,2021-01-23T00:10:42Z,0.05329470575322484,,"{""curSelection"":[1,0,0,0,0,1,1,1,1,0],""score"":0.05329470575322484}"
xD2szxAd97X5boSxJ,y5juXMekYAGwKciLg,xJX5qnu97XNAfukBw,3hu57BmKpZ73ZSaZK,eEvnk3efQF5ZpCYBG,u8MT84QCCwoBX4HaF,2021-01-23T00:07:58Z,2021-01-23T00:10:42Z,0.05329470575322484,,"{""curSelection"":[1,0,0,0,0,1,1,1,1,0],""score"":0.05329470575322484}"
brXn73XK6rSqu4B5y,y5juXMekYAGwKciLg,xJX5qnu97XNAfukBw,uh9xpQFtxr7AKdBav,eEvnk3efQF5ZpCYBG,u8MT84QCCwoBX4HaF,2021-01-23T00:07:58Z,2021-01-23T00:10:43Z,0.05329470575322484,,"{""curSelection"":[1,0,0,0,0,1,1,1,1,0],""score"":0.05329470575322484}"
RjhwrdqbZgqjP8oXj,y5juXMekYAGwKciLg,xJX5qnu97XNAfukBw,oLdSnPX5dneRvTftv,eEvnk3efQF5ZpCYBG,u8MT84QCCwoBX4HaF,2021-01-23T00:07:58Z,2021-01-23T00:10:44Z,0.05329470575322484,,"{""curSelection"":[1,0,0,0,0,1,1,1,1,0],""score"":0.05329470575322484}"
Pzzh5c4N2DrB9Dqj8,y5juXMekYAGwKciLg,xJX5qnu97XNAfukBw,W2j3foXWprpS4FDCX,eEvnk3efQF5ZpCYBG,u8MT84QCCwoBX4HaF,2021-01-23T00:07:58Z,2021-01-23T00:10:44Z,0.05329470575322484,,"{""curSelection"":[1,0,0,0,0,1,1,1,1,0],""score"":0.05329470575322484}"
yL6tNMhsxnie3gGfG,y5juXMekYAGwKciLg,xJX5qnu97XNAfukBw,trRMcQHAdkxxG4BLt,eEvnk3efQF5ZpCYBG,u8MT84QCCwoBX4HaF,2021-01-23T00:07:58Z,2021-01-23T00:10:45Z,0.05329470575322484,,"{""curSelection"":[1,0,0,0,0,1,1,1,1,0],""score"":0.05329470575322484}"
aSL5Zti4cj4FgpWrh,y5juXMekYAGwKciLg,xJX5qnu97XNAfukBw,HoQ4MAEFgwS4yb8ie,eEvnk3efQF5ZpCYBG,u8MT84QCCwoBX4HaF,2021-01-23T00:07:58Z,2021-01-23T00:10:46Z,0.05329470575322484,,"{""curSelection"":[1,0,0,0,0,1,1,1,1,0],""score"":0.05329470575322484}"
uz9JtAxXZDFbB4v3k,y5juXMekYAGwKciLg,xJX5qnu97XNAfukBw,sij2z8ieppPbff5q2,eEvnk3efQF5ZpCYBG,u8MT84QCCwoBX4HaF,2021-01-23T00:07:58Z,2021-01-23T00:10:49Z,0,,"{""curSelection"":[1,0,0,0,0,1,1,1,1,0],""score"":0.05329470575322484}"
